ID,PMID,YEAR,Sequence,Name,Length,Linear/Cyclic,Chirality,Chem-MOD,C-ter MOD,N-ter MOD,Nature,Origin,Cell Line,Cancer Type,Assay,Activity,Testing Time,Tissue Affected,Patents
1028,14499271,2003,FLKLLKKLAAKFLPTIICKISYKC,PTP4,24,Linear,L,None,Free,Free,Antibacterial,Gaegurin,Hep3B,Liver Cancer,MTT/MTS assay,IC50=18.18 µg/ml,96-h,Liver,None
1029,14499271,2003,FLKLLKKLAAKLF,PTP5,13,Linear,L,None,Free,Free,Antibacterial,Gaegurin,Hep3B,Liver Cancer,MTT/MTS assay,Not Available,96-h,Liver,None
1030,14499271,2003,FLKLLKKLAAKLF,PTP6,13,Linear,L,None,Free,Free,Antibacterial,Gaegurin,Hep3B,Liver Cancer,MTT/MTS assay,IC50=15.07 µg/ml,96-h,Liver,None
1031,14499271,2003,FLGALFKALSKLL,PTP7,13,Linear,L,None,Free,Free,Antibacterial,Gaegurin,Hep3B,Liver Cancer,MTT/MTS assay,IC50=5.4 µg/ml,96-h,Liver,None
1032,14499271,2003,FLKLLAGLLKNFA,PTP8,13,Linear,L,None,Free,Free,Antibacterial,Gaegurin,Hep3B,Liver Cancer,MTT/MTS assay,IC50=30.79 µg/ml,96-h,Liver,None
1674,22641352,2012,LLRHVVKILEKYL,Temporin-La,13,Linear,L,None,Free,Free,Anticancer,Temporins family,SMMC-7721,Liver Cancer,MTT/MTS assay,52.77 Inhibition ratio at 50 µg/ml,24-h,Liver,None
1675,22641352,2012,LLRHVVKILSKYL,Temporin-Las,13,Linear,L,None,Free,Free,Anticancer,Temporins family,SMMC-7721,Liver Cancer,MTT/MTS assay,59.37 Inhibition ratio at 50 µg/ml,24-h,Liver,None
1676,22641352,2012,RGDLLRHVVKILEKYL,RGD-La,16,Linear,L,None,Free,Free,Anticancer,Arg-Gly-Asp(RGD) tripeptide ana temporins,SMMC-7721,Liver Cancer,MTT/MTS assay,70.39 Inhibition ratio at 50 µg/ml,24-h,Liver,None
1677,22641352,2012,RGDLLRHVVKILSKYL,RGD-Las,16,Linear,L,None,Free,Free,Anticancer,Arg-Gly-Asp(RGD) tripeptide ana temporins,SMMC-7721,Liver Cancer,MTT/MTS assay,86.175 Inhibition ratio at 50 µg/ml,24-h,Liver,None
1682,22641352,2012,LLRHVVKILEKYL,Temporin-La,13,Linear,L,None,Free,Free,Anticancer,Temporins family,HepG-2,Liver Cancer,MTT/MTS assay,50.90 Inhibition ratio at 50 µg/ml,24-h,Liver,None
1683,22641352,2012,LLRHVVKILSKYL,Temporin-Las,13,Linear,L,None,Free,Free,Anticancer,Temporins family,HepG-2,Liver Cancer,MTT/MTS assay,55.98 Inhibition ratio at 50 µg/ml,24-h,Liver,None
1684,22641352,2012,RGDLLRHVVKILEKYL,RGD-La,16,Linear,L,None,Free,Free,Anticancer,Arg-Gly-Asp(RGD) tripeptide aNot Available temporins,HepG-2,Liver Cancer,MTT/MTS assay,60.22 Inhibition ratio at 50 µg/ml,24-h,Liver,None
1685,22641352,2012,RGDLLRHVVKILSKYL,RGD-Las,16,Linear,L,None,Free,Free,Anticancer,Arg-Gly-Asp(RGD) tripeptide aNot Available temporins,HepG-2,Liver Cancer,MTT/MTS assay,73.07 Inhibition ratio at 50 µg/ml,24-h,Liver,None
1694,22641352,2012,LLRHVVKILEKYL,Temporin-La,13,Linear,L,None,Free,Free,Anticancer,Temporins family,HL7702,Liver Cancer,MTT/MTS assay,37.22 Inhibition ratio at 50 µg/ml,24-h,Liver,None
1695,22641352,2012,LLRHVVKILSKYL,Temporin-Las,13,Linear,L,None,Free,Free,Anticancer,Temporins family,HL7702,Liver Cancer,MTT/MTS assay,37.00 Inhibition ratio at 50 µg/ml,24-h,Liver,None
1696,22641352,2012,RGDLLRHVVKILEKYL,RGD-La,16,Linear,L,None,Free,Free,Anticancer,Arg-Gly-Asp(RGD) tripeptide ana temporins,HL7702,Liver Cancer,MTT/MTS assay,36.25 Inhibition ratio at 50 µg/ml,24-h,Liver,None
1697,22641352,2012,RGDLLRHVVKILSKYL,RGD-Las,16,Linear,L,None,Free,Free,Anticancer,Arg-Gly-Asp(RGD) tripeptide ana temporins,HL7702,Liver Cancer,MTT/MTS assay,38.13 Inhibition ratio at 50 µg/ml,24-h,Liver,None
2848,23028527,2012,GLWSKIKEVGKEAAKAAAKAAGKAALGAVSEAV,Adenoregulin,33,Linear,L,None,Free,Free,Antimicrobial,South American frog Phyllomedusa bicolor,DU-145,Liver Cancer,LDH leakage assay,GI50 =0.91±0.04 µM,24-h,Prostate,None
2886,20383464,2010,MNFNKLFVFVALVLAVCIGQSEAGWLKKIGKKIERVGQHTRDATIQTIGVAQQAANVAATLKG,Ceropin,63,Linear,L,None,Free,Free,Antimicrobial,Musca domestica,BEL-7402,Liver Cancer,Trypan blue assay,91.8% Cell viability at 12.5 µM,24-h,Liver,None
2887,20383464,2010,MNFNKLFVFVALVLAVCIGQSEAGWLKKIGKKIERVGQHTRDATIQTIGVAQQAANVAATLKG,Ceropin,63,Linear,L,None,Free,Free,Antimicrobial,Musca domestica,BEL-7402,Liver Cancer,Trypan blue assay,84.1% Cell viability at 25 µM,24-h,Liver,None
2888,20383464,2010,MNFNKLFVFVALVLAVCIGQSEAGWLKKIGKKIERVGQHTRDATIQTIGVAQQAANVAATLKG,Ceropin,63,Linear,L,None,Free,Free,Antimicrobial,Musca domestica,BEL-7402,Liver Cancer,Trypan blue assay,76.3% Cell viability at 50 µM,24-h,Liver,None
2889,20383464,2010,MNFNKLFVFVALVLAVCIGQSEAGWLKKIGKKIERVGQHTRDATIQTIGVAQQAANVAATLKG,Ceropin,63,Linear,L,None,Free,Free,Antimicrobial,Musca domestica,BEL-7402,Liver Cancer,Trypan blue assay,71.5 % Cell viability at 75 µM,24-h,Liver,None
2890,20383464,2010,MNFNKLFVFVALVLAVCIGQSEAGWLKKIGKKIERVGQHTRDATIQTIGVAQQAANVAATLKG,Ceropin,63,Linear,L,None,Free,Free,Antimicrobial,Musca domestica,BEL-7402,Liver Cancer,Trypan blue assay,54.2 % Cell viability at 100 µM,24-h,Liver,None
2891,20383464,2010,MNFNKLFVFVALVLAVCIGQSEAGWLKKIGKKIERVGQHTRDATIQTIGVAQQAANVAATLKG,Ceropin,63,Linear,L,None,Free,Free,Antimicrobial,Musca domestica,BEL-7402,Liver Cancer,Trypan blue assay,87.3 % Cell viability at 25 µM,48-h,Liver,None
2892,20383464,2010,MNFNKLFVFVALVLAVCIGQSEAGWLKKIGKKIERVGQHTRDATIQTIGVAQQAANVAATLKG,Ceropin,63,Linear,L,None,Free,Free,Antimicrobial,Musca domestica,BEL-7402,Liver Cancer,Trypan blue assay,75.6 % Cell viability at 50 µM,48-h,Liver,None
2893,20383464,2010,MNFNKLFVFVALVLAVCIGQSEAGWLKKIGKKIERVGQHTRDATIQTIGVAQQAANVAATLKG,Ceropin,63,Linear,L,None,Free,Free,Antimicrobial,Musca domestica,BEL-7402,Liver Cancer,Trypan blue assay,62.8 % Cell viability at 75 µM,48-h,Liver,None
2894,20383464,2010,MNFNKLFVFVALVLAVCIGQSEAGWLKKIGKKIERVGQHTRDATIQTIGVAQQAANVAATLKG,Ceropin,63,Linear,L,None,Free,Free,Antimicrobial,Musca domestica,BEL-7402,Liver Cancer,Trypan blue assay,54.3 % Cell viability at 100 µM,48-h,Liver,None
2895,20383464,2010,MNFNKLFVFVALVLAVCIGQSEAGWLKKIGKKIERVGQHTRDATIQTIGVAQQAANVAATLKG,Ceropin,63,Linear,L,None,Free,Free,Antimicrobial,Musca domestica,BEL-7402,Liver Cancer,Trypan blue assay,48.6 % Cell viability at 100 µM,48-h,Liver,None
2896,20383464,2010,MNFNKLFVFVALVLAVCIGQSEAGWLKKIGKKIERVGQHTRDATIQTIGVAQQAANVAATLKG,Ceropin,63,Linear,L,None,Free,Free,Antimicrobial,Musca domestica,BEL-7402,Liver Cancer,Trypan blue assay,72.1 % Cell viability at 12.5 µM,72-h,Liver,None
2897,20383464,2010,MNFNKLFVFVALVLAVCIGQSEAGWLKKIGKKIERVGQHTRDATIQTIGVAQQAANVAATLKG,Ceropin,63,Linear,L,None,Free,Free,Antimicrobial,Musca domestica,BEL-7402,Liver Cancer,Trypan blue assay,63.3 % Cell viability at 25 µM,72-h,Liver,None
2898,20383464,2010,MNFNKLFVFVALVLAVCIGQSEAGWLKKIGKKIERVGQHTRDATIQTIGVAQQAANVAATLKG,Ceropin,63,Linear,L,None,Free,Free,Antimicrobial,Musca domestica,BEL-7402,Liver Cancer,Trypan blue assay,49.7 % Cell viability at 50 µM,72-h,Liver,None
2899,20383464,2010,MNFNKLFVFVALVLAVCIGQSEAGWLKKIGKKIERVGQHTRDATIQTIGVAQQAANVAATLKG,Ceropin,63,Linear,L,None,Free,Free,Antimicrobial,Musca domestica,BEL-7402,Liver Cancer,Trypan blue assay,41.1 % Cell viability at 75 µM,72-h,Liver,None
2900,20383464,2010,MNFNKLFVFVALVLAVCIGQSEAGWLKKIGKKIERVGQHTRDATIQTIGVAQQAANVAATLKG,Ceropin,63,Linear,L,None,Free,Free,Antimicrobial,Musca domestica,BEL-7402,Liver Cancer,Trypan blue assay,35.2 % Cell viability at 100 µM,72-h,Liver,None
3826,23034893,2012,MDSNKDERAYAQWVIIILHNVGSSPFKIANLGLSWGKLYADGNKDKEVYPSDYNGKTVGPDEKIQINSCGRENASSGTEGSFDIVDPNDGNKTIRHFYWECPWGSKRNTWTPSGSNTKWMVEWSGQNLDSGALGTITVDVLRKGN,AAD (or Aa-Pri1),145,Linear,L,None,Free,Free,Antitumor,Purified from Agrocybe aegerita,HepG-2,Liver Cancer,MTT/MTS assay,"At 2.5 µM concentration,decrease in cell vibility= 35%",48-h,Liver,None
4036,"12631273, 9266696",2003,GLFDVIKKVASVIGGL,Citropin 1.1,16,Linear,L,None,Amidation,Free,Antimicrobial and Anticancer,Amphibian skin secretions,Liver tumor celline,Liver Cancer,Sulforhodamine B assay,IC50= 5 M,Not Available,Liver,None
4045,"12631273, 9266696",2003,glfdvikkvasviggl,Citropin 1.1D,16,Linear,D,None,Amidation,Free,Antimicrobial and Anticancer,Amphibian skin secretions,Liver tumor celline,Liver Cancer,Sulforhodamine B assay,IC50= 5 M,Not Available,Liver,None
4054,"12631273, 9266696",2003,GLFAVIKKVASVIGGL,3,16,Linear,L,None,Amidation,Free,Antimicrobial and Anticancer,Amphibian skin secretions,Liver tumor celline,Liver Cancer,Sulforhodamine B assay,IC50= > 1 µM,Not Available,Liver,None
4063,"12631273, 9266696",2003,GLFDVIKAVASVIGGL,5,16,Linear,L,None,Amidation,Free,Antimicrobial and Anticancer,Amphibian skin secretions,Liver tumor celline,Liver Cancer,Sulforhodamine B assay,IC50= >100 µM,Not Available,Liver,None
4072,"12631273, 9266696",2003,GLFDVIKKVAAVIGGL,7,16,Linear,L,None,Amidation,Free,Antimicrobial and Anticancer,Amphibian skin secretions,Liver tumor celline,Liver Cancer,Sulforhodamine B assay,IC50= 5 M,Not Available,Liver,None
4081,"12631273, 9266696",2003,GLFDVIKKVASVIKGL,11,16,Linear,L,None,Amidation,Free,Antimicrobial and Anticancer,Amphibian skin secretions,Liver tumor celline,Liver Cancer,Sulforhodamine B assay,IC50= 5 M,Not Available,Liver,None
4090,"12631273, 9266696",2003,GLFDVIKKVASVIKKL,13,16,Linear,L,None,Amidation,Free,Antimicrobial and Anticancer,Amphibian skin secretions,Liver tumor celline,Liver Cancer,Sulforhodamine B assay,IC50= 5 M,Not Available,Liver,None
4099,"12631273, 9266696",2003,GLFDVIAKVASVIKKL,14,16,Linear,L,None,Amidation,Free,Antimicrobial and Anticancer,Amphibian skin secretions,Liver tumor celline,Liver Cancer,Sulforhodamine B assay,IC50= 5 M,Not Available,Liver,None
4108,"12631273, 9266696",2003,GLFAVIKKVASVIKGL,15,16,Linear,L,None,Amidation,Free,Antimicrobial and Anticancer,Amphibian skin secretions,Liver tumor celline,Liver Cancer,Sulforhodamine B assay,IC50= 5 M,Not Available,Liver,None
4117,"12631273, 9266696",2003,GLFAVIKKVASVIKKL,16,16,Linear,L,None,Amidation,Free,Antimicrobial and Anticancer,Amphibian skin secretions,Liver tumor celline,Liver Cancer,Sulforhodamine B assay,IC50= 5 M,Not Available,Liver,None
4126,"12631273, 9266696",2003,GLFAVIKKVAAVIKKL,17,16,Linear,L,None,Amidation,Free,Antimicrobial and Anticancer,Amphibian skin secretions,Liver tumor celline,Liver Cancer,Sulforhodamine B assay,IC50= 5 M,Not Available,Liver,None
4135,"12631273, 9266696",2003,GLFAVIKKVAAVIRRL,18,16,Linear,L,None,Amidation,Free,Antimicrobial and Anticancer,Amphibian skin secretions,Liver tumor celline,Liver Cancer,Sulforhodamine B assay,IC50= >10 µM,Not Available,Liver,None
4144,"12631273, 9266696",2003,GLFAVIKKVAKVIKKL,19,16,Linear,L,None,Amidation,Free,Antimicrobial and Anticancer,Amphibian skin secretions,Liver tumor celline,Liver Cancer,Sulforhodamine B assay,IC50= 5 M,Not Available,Liver,None
4153,"12631273, 9266696",2003,GLFKVIKKVASVIGGL,22,16,Linear,L,None,Amidation,Free,Antimicrobial and Anticancer,Amphibian skin secretions,Liver tumor celline,Liver Cancer,Sulforhodamine B assay,IC50= >10 µM,Not Available,Liver,None
4162,"12631273, 9266696",2003,GLFKVIKKVAKVIKKL,23,16,Linear,L,None,Amidation,Free,Antimicrobial and Anticancer,Amphibian skin secretions,Liver tumor celline,Liver Cancer,Sulforhodamine B assay,IC50= >10 µM,Not Available,Liver,None
4171,"12631273, 9266696",2003,LGGIVSAVKKIVDFLG,retro,16,Linear,L,None,Amidation,Free,Antimicrobial and Anticancer,Amphibian skin secretions,Liver tumor celline,Liver Cancer,Sulforhodamine B assay,IC50= >10 µM,Not Available,Liver,None
4223,16091933,2005,YSL,Tyroserleutide,3,Linear,L,None,Free,Free,Antitumor,Synthetic Peptide,BEL-7402,Liver Cancer,MTT/MTS assay,39.0% cytotoxic at 0.1 µg/ml,96-h,Liver,None
4224,16091933,2005,YSL,Tyroserleutide,3,Linear,L,None,Free,Free,Antitumor,Synthetic Peptide,BEL-7402,Liver Cancer,MTT/MTS assay,20.8% cytotoxic at 1 µg/ml,96-h,Liver,None
4225,16091933,2005,YSL,Tyroserleutide,3,Linear,L,None,Free,Free,Antitumor,Synthetic Peptide,BEL-7402,Liver Cancer,MTT/MTS assay,33.8% cytotoxic at 10 µg/ml,96-h,Liver,None
4226,16091933,2005,YSL,Tyroserleutide,3,Linear,L,None,Free,Free,Antitumor,Synthetic Peptide,BEL-7402,Liver Cancer,MTT/MTS assay,35.6% cytotoxic at 100 µg/ml,96-h,Liver,None
5055,24714081,2014,TKPRKTKPRKTKPRKTKPR,T Peptide,19,Linear,L,None,Free,Free,Anticancer,Tuftsin derivative,HepG-2,Liver Cancer,MTT/MTS assay,69.6% maximum inhibitory rate at 8 mg/kg,48-h,Liver,None
5134,26405806,2015,FKKLKKLFSKLWNWK,HPRP-A1,15,Linear,L,None,Amidation,Acetylation,Anticancer,Helicobacter pylori,HepG-2,Liver Cancer,MTT assay,IC50 = 7.7 ± 0.23 μM,24-h,Liver,None
5137,26405806,2015,FKKLKKLFSKLWNWKRKKRRQRRR,HPRP-A1-TAT,24,Linear,L,None,Amidation,Acetylation,Anticancer,Synthetic,HepG-2,Liver Cancer,MTT assay,IC50 = 5.8 ± 0.36 μM,24-h,Liver,None
5270,None,2015,CQYSVNPKIKRFELYFKGRMW,LPSBD-0,21,Linear,L,None,Free,Free,Anticancer,Synthetic,Hep3B,Liver Cancer,Cell Proliferation assay,~40% cell survival at 60 µg/ml,24-h,Liver,None
5272,None,2015,CHYRVKPKIKRFEKYKGRMW,LPSBD-2,20,Linear,L,None,Free,Free,Anticancer,Synthetic,Hep3B,Liver Cancer,Cell Proliferation assay,~40% cell survival at 60 µg/ml,24-h,Liver,None
5275,27207743,2016,FKIGGFIKKLWRSKLA,ZXR-1,16,Linear,L,None,Free,Free,Antimicrobial,Mauriporin,HepG-2,Liver Cancer,MTT assay,IC50 = 141.7 ± 12.2 μM,4-h,Liver,None
5276,27207743,2016,FKIGGFIKKLWRSKLA,ZXR-1,16,Linear,L,None,Free,Free,Antimicrobial,Mauriporin,Huh-7,Liver Cancer,MTT assay,IC50 = 77.9 ± 0.9 μM,4-h,Liver,None
5281,27207743,2016,FKIGGFIKKLWRSLLA,ZXR-2,16,Linear,L,None,Free,Free,Antimicrobial,Synthetic; Mutant form of ZXR-I,HepG-2,Liver Cancer,MTT assay,IC50 = 7.5 ± 1.2 μM,4-h,Liver,None
5282,27207743,2016,FKIGGFIKKLWRSLLA,ZXR-2,16,Linear,L,None,Free,Free,Antimicrobial,Synthetic; Mutant form of ZXR-I,Huh-7,Liver Cancer,MTT assay,IC50 = 8.4 ± 1.1 μM,4-h,Liver,None
5442,27347099,2016,APEPRWKIFKKIEKMGRNIRDGIVKAGPAIEVLGSAKAIGK,Cecropin XJ,41,Linear,L,None,Free,Free,Antimicrobial,Larvae of Bombyx mori,Huh-7,Liver Cancer,MTT assay,Cell viability = 50% at 50 µmol/l,24-h,Liver,None
5554,28483698,2017,FRRFFKWFRRFFKFF,FR-15,15,Linear,L,None,Amidation,Free,Antimicrobial and Anticancer,Synthetic,HepG-2,Liver Cancer,MTT assay,IC50 = 2.5 μM,24-h,Liver,None
5558,28483698,2017,FRRPFKWFRRFFKFF,FR4P,15,Linear,L,None,Amidation,Free,Antimicrobial and Anticancer,Analogue of FR-15,HepG-2,Liver Cancer,MTT assay,IC50 = 2.5 μM,24-h,Liver,None
5562,28483698,2017,FRRFFKWPRRFFKFF,FR8P,15,Linear,L,None,Amidation,Free,Antimicrobial and Anticancer,Analogue of FR-15,HepG-2,Liver Cancer,MTT assay,IC50 = 4.2 μM,24-h,Liver,None
5566,28483698,2017,FRRFFKWFRRPFKFF,FR11P,15,Linear,L,None,Amidation,Free,Antimicrobial and Anticancer,Analogue of FR-15,HepG-2,Liver Cancer,MTT assay,IC50 = 4.8 μM,24-h,Liver,None
5570,28483698,2017,FRRPFKWPRRFFKFF,"FR4,8P",15,Linear,L,None,Amidation,Free,Antimicrobial and Anticancer,Analogue of FR-15,HepG-2,Liver Cancer,MTT assay,IC50 = 5 μM,24-h,Liver,None
5574,28483698,2017,FRRFFKWPRRPFKFF,"FR8,11P",15,Linear,L,None,Amidation,Free,Antimicrobial and Anticancer,Analogue of FR-15,HepG-2,Liver Cancer,MTT assay,IC50 = 15 μM,24-h,Liver,None
5578,28123590,2017,KCRRWLKRMKKLG,LfcinB-P13,13,Linear,L,None,Free,Free,Anticancer,Synthetic analog of LFcinB,SMMC-7721,Liver Cancer,MTT assay,IC50 = 41.8 µg/ml,24-h,Liver,None
5741,27218227,2017,HVLSRAPR,HR,8,Linear,L,None,Free,Free,Anticancer,Fraction identified from Tr1,HepG-2,Liver Cancer,MTT assay,22% inhibition at 500 μg/mL,48-h,Liver,None
5747,28872704,2017,FE,Peptide 1a,2,Linear,L,None,Free,4-(methylsulfonyl)benzoic acid,"Antiproliferative, Anticancer",Synthetic,HepG-2,Liver Cancer,MTT assay,IC50 = 5.7 ± 0.04 µM,48-h,Liver,None
5751,28872704,2017,YE,Peptide 2a,2,Linear,L,None,Free,4-(methylsulfonyl)benzoic acid,"Antiproliferative, Anticancer",Synthetic,HepG-2,Liver Cancer,MTT assay,IC50 = 31.1 ± 0.03 µM,48-h,Liver,None
5755,28872704,2017,YD,Peptide 3a,2,Linear,L,None,Free,4-(methylsulfonyl)benzoic acid,"Antiproliferative, Anticancer",Synthetic,HepG-2,Liver Cancer,MTT assay,IC50 = 4.8 ± 0.12 µM,48-h,Liver,None
5767,28872704,2017,WD,Peptide 6a,2,Linear,L,None,Free,4-(methylsulfonyl)benzoic acid,"Antiproliferative, Anticancer",Synthetic,HepG-2,Liver Cancer,MTT assay,IC50 = 64.3 ± 0.01 µM,48-h,Liver,None
5771,28872704,2017,PD,Peptide 7a,2,Linear,L,None,Free,4-(methylsulfonyl)benzoic acid,"Antiproliferative, Anticancer",Synthetic,HepG-2,Liver Cancer,MTT assay,IC50 = 23.0 ± 0.05 µM,48-h,Liver,None
5779,28872704,2017,PE,Peptide 2b,2,Linear,L,None,Free,4-azidobenzoic acid,"Antiproliferative, Anticancer",Synthetic,HepG-2,Liver Cancer,MTT assay,IC50 = 19.3 ± 0.02 µM,48-h,Liver,None
5783,28872704,2017,YD,Peptide 3b,2,Linear,L,None,Free,4-azidobenzoic acid,"Antiproliferative, Anticancer",Synthetic,HepG-2,Liver Cancer,MTT assay,IC50 = 62.3 ± 0.02 µM,48-h,Liver,None
5787,28872704,2017,HD,Peptide 4b,2,Linear,L,None,Free,4-azidobenzoic acid,"Antiproliferative, Anticancer",Synthetic,HepG-2,Liver Cancer,MTT assay,IC50 = 63.2 ± 0.03 µM,48-h,Liver,None
5791,28872704,2017,FE,Peptide 5b,2,Linear,L,None,Free,4-azidobenzoic acid,"Antiproliferative, Anticancer",Synthetic,HepG-2,Liver Cancer,MTT assay,IC50 = 18.7 ± 0.04 µM,48-h,Liver,None
5795,28872704,2017,FD,Peptide 6b,2,Linear,L,None,Free,4-azidobenzoic acid,"Antiproliferative, Anticancer",Synthetic,HepG-2,Liver Cancer,MTT assay,IC50 = 61.5 ± 023µM,48-h,Liver,None
5806,29098406,2018,GIGSAILSAGKSIIKGLAKGLAEHF,Bombinin-BO1,25,Linear,L,None,Amidation,Free,Antimicrobial,Bombina orientalis,SK-HEP-1,Liver Cancer,MTT assay,IC50 = 0.76 μM,48-h,Liver,None
5807,29098406,2018,GIGSAILSAGKSIIKGLAKGLAEHF,Bombinin-BO1,25,Linear,L,None,Amidation,Free,Antimicrobial,Bombina orientalis,HepG-2,Liver Cancer,MTT assay,IC50 = 3.75 μM,48-h,Liver,None
5808,29098406,2018,GIGSAILSAGKSIIKGLAKGLAEHF,Bombinin-BO1,25,Linear,L,None,Amidation,Free,Antimicrobial,Bombina orientalis,Huh-7,Liver Cancer,MTT assay,IC50 = 3.91 μM,48-h,Liver,None
5809,29098406,2018,IIGPVLGLVGKALGGLL,Bombinin-H-BO1,17,Linear,L,None,Amidation,Free,Antimicrobial,Bombina orientalis,SK-HEP-1,Liver Cancer,MTT assay,IC50 = 3.61 μM,48-h,Liver,None
5810,29098406,2018,IIGPVLGLVGKALGGLL,Bombinin-H-BO1,17,Linear,L,None,Amidation,Free,Antimicrobial,Bombina orientalis,HepG-2,Liver Cancer,MTT assay,IC50 = 8.08 μM,48-h,Liver,None
5811,29098406,2018,IIGPVLGLVGKALGGLL,Bombinin-H-BO1,17,Linear,L,None,Amidation,Free,Antimicrobial,Bombina orientalis,Huh-7,Liver Cancer,MTT assay,IC50 = 8.42 μM,48-h,Liver,None
5813,29515106,2018,EFLDCFQKF,Peptide-327,9,Linear,L,None,Free,Free,Anticancer,EGFR binding region for Eps8 (aa 289–362),HepG-2,Liver Cancer,CCK-8 assay,EC50 = 107.34 ± 11.87 μM,12-h,Liver,None
5819,29515106,2018,RKKRRQRRREFLDCFQKF,TAT-327,18,Linear,L,None,Free,Free,Anticancer,Peptide-327,HepG-2,Liver Cancer,CCK-8 assay,EC50 = 68.52 ± 2.96 μM,12-h,Liver,None
5829,28636781,2018,IIGPVLGLIGKALGGLL,Bombinin H-BO,17,Linear,L,None,Amidation,Free,Antimicrobial,Bombina orientalis,SK-HEP-1,Liver Cancer,MTT assay,IC50 = 0.99 μM,48-h,Liver,None
5830,28636781,2018,IIGPVLGLIGKALGGLL,Bombinin H-BO,17,Linear,L,None,Amidation,Free,Antimicrobial,Bombina orientalis,HepG-2,Liver Cancer,MTT assay,IC50 = 2.88 μM,48-h,Liver,None
5831,28636781,2018,IIGPVLGLIGKALGGLL,Bombinin H-BO,17,Linear,L,None,Amidation,Free,Antimicrobial,Bombina orientalis,Huh-7,Liver Cancer,MTT assay,IC50 = 3.87 μM,48-h,Liver,None
5835,28636781,2018,GIGGALLSAGKSALKGLAKGLAEHFAN,BLP-7,27,Linear,L,None,Amidation,Free,Antimicrobial,Bombina orientali,SK-HEP-1,Liver Cancer,MTT assay,IC50 = 0.61 μM,48-h,Liver,None
5836,28636781,2018,GIGGALLSAGKSALKGLAKGLAEHFAN,BLP-7,27,Linear,L,None,Amidation,Free,Antimicrobial,Bombina orientali,HepG-2,Liver Cancer,MTT assay,IC50 = 2.83 μM,48-h,Liver,None
5837,28636781,2018,GIGGALLSAGKSALKGLAKGLAEHFAN,BLP-7,27,Linear,L,None,Amidation,Free,Antimicrobial,Bombina orientali,Huh-7,Liver Cancer,MTT assay,IC50 = 1.81 μM,48-h,Liver,None
5963,29800725,2018,GIGAVLKKLTTGLKALISWIKRKRQQ,MEL-Pep,26,Linear,L,None,Amidation,Free,Anticancer,Synthetic analog of Melittin,BEL-7402/5-FU,Liver Cancer,CCK-8 assay,IC50 = 4.36 μM,24-h,Liver,None
5966,29875773,2018,RRRRRRRRRRRIKKKRKWEASALVCIRLVTSSKPRTVa,R11-NLS-pep8,38,Linear,Mix,None,Free,Acetylation,Anticancer,NKp44 derived synthetic peptide,HepG-2,Liver Cancer,PrestoBlue assay,ED50 = 5.9 μM,24-h,Liver,None
5987,30373232,2018,"(3-MeP)-(AHMOD)-A-Aib-IV-beta-A-N-(2-Hydroxyethyl)-1,2-propanediamine",Emericellipsin A,9,Linear,L,"3-me-P = (3R)-3-methylproline; AHMOD = (2S,4S)-2-Amino-4-methyl-6-hydroxy-8-oxodecanoic acid; Aib = 2-Aminoisobutyric acid; β-alanine; N-(2-Hydroxyethyl)-1,2-propanediamine","N-(2-Hydroxyethyl)-1,2-propanediamine",2-methyldecanoic acid (2MDA),Antimicrobial and Antitumor,Emericellopsis alkalina,HepG-2,Liver Cancer,MTT assay,EC50 = 2.8 uM,24-h,Liver,None
6016,30563041,2018,RIRDAIAHGYIVDKV,B11,15,Linear,L,None,Free,Free,Antimicrobial,Litopenaeus vannamei hemocyanin-derived peptide,HepG-2,Liver Cancer,MTS assay,Decreased cell viability by 23% at 50 μg/mL,24-h,Liver,None
6050,30789695,2019,IKLSKETKKNLKKVLKGAIKGAIAVAKMV,"[P5K,D9K]Hymenochirin-1B",29,Linear,L,None,Amidation,Free,Antimicrobial and Anticancer,Synthetic,HepG-2,Liver Cancer,MTT assay,IC50 = 2.46 ± 0.32 μM,48-h,Liver,None
6053,30789695,2019,IKLSPETKKNLKKVLKGAIKGAIAVAKMV,[D9K]Hymenochirin-1B,29,Linear,L,None,Amidation,Free,Antimicrobial and Anticancer,Synthetic,HepG-2,Liver Cancer,MTT assay,IC50 = 4.96 ± 0.43 μM,48-h,Liver,None
6056,30789695,2019,IKLSKETKDNLKKVLKGAIKGAIAVAKMV,[P5K]Hymenochirin-1B,29,Linear,L,None,Amidation,Free,Antimicrobial and Anticancer,Synthetic,HepG-2,Liver Cancer,MTT assay,IC50 = 4.28 ± 0.38 μM,48-h,Liver,None
6086,30789695,2019,IKLSKKTKKNLKKVLKGAIKGAIAVAKMV,H-14,29,Linear,L,None,Amidation,Free,Anticancer,Synthetic,HepG-2,Liver Cancer,MTT assay,IC50 = 4.54 ± 0.25 μM,48-h,Liver,None
6098,30789695,2019,IKLSPETKDNLKKVLKGAIKGAIAVAKMV,H-0,29,Linear,L,None,Amidation,Free,Antimicrobial and Anticancer,Hymenochirus boettgeri,HepG-2,Liver Cancer,MTT assay,IC50 = 8.07 ± 0.21 μM,48-h,Liver,None
6159,30885438,2019,IKLSPETKDNLKKVLKGAIKGAIAVAKMV,Hymenochirin - 1B,29,Linear,L,None,Amidation,Free,Host Defense Peptide,Hymenochirus boettgeri,HepG-2,Liver Cancer,MTT assay,30% cell viability at 20 μM,24-h,Liver,None
6198,31252047,2019,SRSSRAGLQFPVGRIHRLLRK,Fi-Histin1-21,21,Linear,L,None,Amidation,Acetylation,Antimicrobial,Fenneropenaeus indicus,Hep-2,Liver Cancer,XTT assay,IC50 =   31.274 ± 24.531 μM,24-h,Liver,None
6262,31747558,2020,GYPFV,Longicalycinin A linear analogue 1,5,Linear,L,None,Free,Free,Anticancer,Synthetic Analogue of Longicalycinin A,HepG-2,Liver Cancer,MTT assay,IC50 = 9.66 ± 0.0007 µg/ml,24-h,Liver,None
6264,31747558,2020,GYPFV,Longicalycinin A linear analogue 1,5,Linear,L,None,Free,Free,Anticancer,Synthetic Analogue of Longicalycinin A,HepG-2,Liver Cancer,MTT assay,13.29% Cell death at 100 µg/ml,24-h,Liver,None
6266,31747558,2020,LYPFA,Longicalycinin A linear analogue 2,5,Linear,L,None,Free,Free,Anticancer,Synthetic Analogue of Longicalycinin A,HepG-2,Liver Cancer,MTT assay,IC50 = 8.76 ± 0.0035 µg/ml,24-h,Liver,None
6268,31747558,2020,LYPFA,Longicalycinin A linear analogue 2,5,Linear,L,None,Free,Free,Anticancer,Synthetic Analogue of Longicalycinin A,HepG-2,Liver Cancer,MTT assay,71.37% Cell death at 100 µg/ml,24-h,Liver,None
6279,31747558,2020,FYPFG,Longicalycinin A (Linear),5,Linear,L,None,Free,Free,Anticancer,Synthetic,HepG-2,Liver Cancer,MTT assay,IC50 = 9.18 ± 0.0014 µg/ml,24-h,Liver,None
6281,31747558,2020,PYFFL,Longicalycinin A linear analogue 14,5,Linear,L,None,Free,Free,Anticancer,Synthetic Analogue of Longicalycinin A,HepG-2,Liver Cancer,MTT assay,IC50 = 9.67 ± 0.0007 µg/ml,24-h,Liver,None
6283,31747558,2020,PYFFL,Longicalycinin A linear analogue 14,5,Linear,L,None,Free,Free,Anticancer,Synthetic Analogue of Longicalycinin A,HepG-2,Liver Cancer,MTT assay,13.02% Cell death at 100 µg/ml,24-h,Liver,None
6285,31747558,2020,GYPFA,Longicalycinin A linear analogue 3,5,Linear,L,None,Free,Free,Anticancer,Synthetic Analogue of Longicalycinin A,HepG-2,Liver Cancer,MTT assay,IC50 = 9.77 ± 0.0007 µg/ml,24-h,Liver,None
6287,31747558,2020,GYPFA,Longicalycinin A linear analogue 3,5,Linear,L,None,Free,Free,Anticancer,Synthetic Analogue of Longicalycinin A,HepG-2,Liver Cancer,MTT assay,82.33% Cell death at 100 µg/ml,24-h,Liver,None
6293,31747558,2020,AYPFG,Longicalycinin A linear analogue 4,5,Linear,L,None,Free,Free,Anticancer,Synthetic Analogue of Longicalycinin A,HepG-2,Liver Cancer,MTT assay,IC50 = 9.53 ± 0.0014 µg/ml,24-h,Liver,None
6295,31747558,2020,AYPFG,Longicalycinin A linear analogue 4,5,Linear,L,None,Free,Free,Anticancer,Synthetic Analogue of Longicalycinin A,HepG-2,Liver Cancer,MTT assay,27.13% Cell death at 100 µg/ml,24-h,Liver,None
6301,31747558,2020,FSPFG,Longicalycinin A linear analogue 5,5,Linear,L,None,Free,Free,Anticancer,Synthetic Analogue of Longicalycinin A,HepG-2,Liver Cancer,MTT assay,IC50 = 8.99 ± 0.0014 µg/ml,24-h,Liver,None
6303,31747558,2020,FSPFG,Longicalycinin A linear analogue 5,5,Linear,L,None,Free,Free,Anticancer,Synthetic Analogue of Longicalycinin A,HepG-2,Liver Cancer,MTT assay,76.72% Cell death at 100 µg/ml,24-h,Liver,None
6309,31747558,2020,VYPIA,Longicalycinin A linear analogue 6,5,Linear,L,None,Free,Free,Anticancer,Synthetic Analogue of Longicalycinin A,HepG-2,Liver Cancer,MTT assay,IC50 = 10.98 ± 0.0014 µg/ml,24-h,Liver,None
6311,31747558,2020,VYPIA,Longicalycinin A linear analogue 6,5,Linear,L,None,Free,Free,Anticancer,Synthetic Analogue of Longicalycinin A,HepG-2,Liver Cancer,MTT assay,38.64% Cell death at 100 µg/ml,24-h,Liver,None
6317,31747558,2020,PYVFA,Longicalycinin A linear analogue 7,5,Linear,L,None,Free,Free,Anticancer,Synthetic Analogue of Longicalycinin A,HepG-2,Liver Cancer,MTT assay,IC50 = 9.6 ± 0.0007 µg/ml,24-h,Liver,None
6319,31747558,2020,PYVFA,Longicalycinin A linear analogue 7,5,Linear,L,None,Free,Free,Anticancer,Synthetic Analogue of Longicalycinin A,HepG-2,Liver Cancer,MTT assay,82.33% Cell death at 100 µg/ml,24-h,Liver,None
6325,31747558,2020,FYPVG,Longicalycinin A linear analogue 8,5,Linear,L,None,Free,Free,Anticancer,Synthetic Analogue of Longicalycinin A,HepG-2,Liver Cancer,MTT assay,IC50 = 10.35 ± 0.0014 µg/ml,24-h,Liver,None
6327,31747558,2020,FYPVG,Longicalycinin A linear analogue 8,5,Linear,L,None,Free,Free,Anticancer,Synthetic Analogue of Longicalycinin A,HepG-2,Liver Cancer,MTT assay,15.35% Cell death at 100 µg/ml,24-h,Liver,None
6333,31747558,2020,FYPFV,Longicalycinin A linear analogue 9,5,Linear,L,None,Free,Free,Anticancer,Synthetic Analogue of Longicalycinin A,HepG-2,Liver Cancer,MTT assay,IC50 = 9.33 ± 0.0007 µg/ml,24-h,Liver,None
6335,31747558,2020,FYPFV,Longicalycinin A linear analogue 9,5,Linear,L,None,Free,Free,Anticancer,Synthetic Analogue of Longicalycinin A,HepG-2,Liver Cancer,MTT assay,72.74% Cell death at 100 µg/ml,24-h,Liver,None
6341,31747558,2020,FYPFA,Longicalycinin A linear analogue 10,5,Linear,L,None,Free,Free,Anticancer,Synthetic Analogue of Longicalycinin A,HepG-2,Liver Cancer,MTT assay,IC50 = 10.5 ± 0.0014 µg/ml,24-h,Liver,None
6343,31747558,2020,FYPFA,Longicalycinin A linear analogue 10,5,Linear,L,None,Free,Free,Anticancer,Synthetic Analogue of Longicalycinin A,HepG-2,Liver Cancer,MTT assay,76.72% Cell death at 100 µg/ml,24-h,Liver,None
6349,31747558,2020,TVPFA,Longicalycinin A linear analogue 11,5,Linear,L,None,Free,Free,Anticancer,Synthetic Analogue of Longicalycinin A,HepG-2,Liver Cancer,MTT assay,IC50 = 9.56 ± 0.0021 µg/ml,24-h,Liver,None
6351,31747558,2020,TVPFA,Longicalycinin A linear analogue 11,5,Linear,L,None,Free,Free,Anticancer,Synthetic Analogue of Longicalycinin A,HepG-2,Liver Cancer,MTT assay,70.28% Cell death at 100 µg/ml,24-h,Liver,None
6357,31747558,2020,FYPFI,Longicalycinin A linear analogue 12,5,Linear,L,None,Free,Free,Anticancer,Synthetic Analogue of Longicalycinin A,HepG-2,Liver Cancer,MTT assay,IC50 = 11.32 ± 0.0014 µg/ml,24-h,Liver,None
6359,31747558,2020,FYPFI,Longicalycinin A linear analogue 12,5,Linear,L,None,Free,Free,Anticancer,Synthetic Analogue of Longicalycinin A,HepG-2,Liver Cancer,MTT assay,12.06% Cell death at 100 µg/ml,24-h,Liver,None
6365,31747558,2020,VTPFL,Longicalycinin A linear analogue 13,5,Linear,L,None,Free,Free,Anticancer,Synthetic Analogue of Longicalycinin A,HepG-2,Liver Cancer,MTT assay,IC50 = 9.26 ± 0.0028 µg/ml,24-h,Liver,None
6367,31747558,2020,VTPFL,Longicalycinin A linear analogue 13,5,Linear,L,None,Free,Free,Anticancer,Synthetic Analogue of Longicalycinin A,HepG-2,Liver Cancer,MTT assay,11.79% Cell death at 100 µg/ml,24-h,Liver,None
6381,31747558,2020,FTPFV,Longicalycinin A linear analogue 16,5,Linear,L,None,Free,Free,Anticancer,Synthetic Analogue of Longicalycinin A,HepG-2,Liver Cancer,MTT assay,IC50 = 11.1 ± 0.0007 µg/ml,24-h,Liver,None
6383,31747558,2020,FTPFV,Longicalycinin A linear analogue 16,5,Linear,L,None,Free,Free,Anticancer,Synthetic Analogue of Longicalycinin A,HepG-2,Liver Cancer,MTT assay,15.76% Cell death at 100 µg/ml,24-h,Liver,None
6389,31747558,2020,FSPFA,Longicalycinin A linear analogue 17,5,Linear,L,None,Free,Free,Anticancer,Synthetic Analogue of Longicalycinin A,HepG-2,Liver Cancer,MTT assay,IC50 = 9.33 ± 0.0007 µg/ml,24-h,Liver,None
6391,31747558,2020,FSPFA,Longicalycinin A linear analogue 17,5,Linear,L,None,Free,Free,Anticancer,Synthetic Analogue of Longicalycinin A,HepG-2,Liver Cancer,MTT assay,27.54% Cell death at 100 µg/ml,24-h,Liver,None
6397,31747558,2020,FSPAG,Longicalycinin A linear analogue 18,5,Linear,L,None,Free,Free,Anticancer,Synthetic Analogue of Longicalycinin A,HepG-2,Liver Cancer,MTT assay,IC50 = 10.33 ± 0.0007 µg/ml,24-h,Liver,None
6399,31747558,2020,FSPAG,Longicalycinin A linear analogue 18,5,Linear,L,None,Free,Free,Anticancer,Synthetic Analogue of Longicalycinin A,HepG-2,Liver Cancer,MTT assay,15.55% Cell death at 100 µg/ml,24-h,Liver,None
6532,33237335,2020,MSSSNCANVCQTENFPGGECKAEGATRKCFCKNC,MzDef,34,Linear,L,None,Free,Free,Antimicrobial and Anticancer,Zea mays L.,HepG-2,Liver Cancer,MTT assay,IC50 ~ 22 µg/mL,24-h,Liver,None
6646,33029595,2020,LLKKLLKKLLKKLLKK,(LLKK)4 linear peptide,16,Linear,L,None,Amidation,Free,Antimicrobial,Synthetic,SK-HEP-1,Liver Cancer,MTT assay,Cell Viability (%) ~ 14.1 ± 0.8 at 30 µg/mL,48-h,Liver,None
6650,33029595,2020,[LLKKLLKK]2kC,2-arm branched peptide,18,Linear,L,Branched amide bond in the branching point was formed by the primary amine of lysine.,Free,Free,Antimicrobial,Synthetic,SK-HEP-1,Liver Cancer,MTT assay,Cell Viability (%) ~ 85.7 ± 4.3  at 30 µg/mL,48-h,Liver,None
6654,33029595,2020,{[LLKKLLKK]2kC}2,4-arm branched peptide,36,Linear,L,thermal oxidation between the thiol group of cysteine residue in the two 2-arm branched,Free,Free,Antimicrobial,Synthetic,SK-HEP-1,Liver Cancer,MTT assay,Cell Viability (%) ~ 31.7 ± 5.1 at 30 µg/mL,48-h,Liver,None
6658,None,2021,ILGKIVKKLVSDF,DN1,13,Linear,L,None,Free,Free,Antimicrobial,Synthetic,HepG-2,Liver Cancer,MTT assay,152.17 ± 7.73 μM,24-h,Liver,None
6659,None,2021,ILGKIWKGIVSDF,DN4,13,Linear,L,None,Free,Free,Antimicrobial,Synthetic,HepG-2,Liver Cancer,MTT assay,191.67 ± 12.02 μM,24-h,Liver,None
6689,33489681,2021,ADLPGLK,Chickpea,7,Linear,L,None,Free,Free,Anticancer,Cicer arietinum L.,HepG-2,Liver Cancer,Sulforhodamine B assay,IC50 = 113.7 ± 0.99 µM,NA,Liver,None
6821,34941705,2021,ASIGALIQKAIALIKAKAA,LVTX-9-C18,19,Linear,L,None,Amidation,CH3-(CH2)16-CO,Anticancer,Synthetic,HepG-2,Liver Cancer,CCK-8 assay,IC50 = 7.0 ± 1.0 µM,24-h,Liver,None
6857,33690977,2021,zffygwyggmekllrggrgerppr,NMTP-5,24,Linear,D,"Z = C10H7CH2C(O), M, 4-(Trifluoromethyl)-D-phenylalanine",Free,Free,Anticancer,Not Available,SK-HEP-1,Liver Cancer,MTT assay,IC50 = 53.84 ± 4.35 µM,48-h,Liver,None
6896,34361728,2021,Structure given in figure,GA - 7,Not Available,Linear,L,None,Free,18beta-glycyrrhetinic-acid,Antimicrobial and Anticancer,Synthetic (glycyrrhetinic acid (GA)-based peptides),HepG-2,Liver Cancer,MTT assay,IC50 = 3.30 ± 0.1 µg/mL,24-h,Liver,None
6905,36355026,2022,EGFHL,LJP-1,5,Linear,L,None,Free,Free,Anticancer,Laminaria japonica,Huh-7,Liver Cancer,MTT assay,IC50 = 0.48 ± 0.05 mM,48-h,Liver,None
6906,36355026,2022,EGFHL,LJP-1,5,Linear,L,None,Free,Free,Anticancer,Laminaria japonica,HepG-2,Liver Cancer,MTT assay,IC50 = 0.45 ± 0.05 mM,48-h,Liver,None
6907,36355026,2022,EGFHL,LJP-1,5,Linear,L,None,Free,Free,Anticancer,Laminaria japonica,H-22,Liver Cancer,MTT assay,IC50 = 0.36 ± 0.03 mM,48-h,Liver,None
6908,36355026,2022,LWEHSH,LJP-2,6,Linear,L,None,Free,Free,Anticancer,Laminaria japonica,Huh-7,Liver Cancer,MTT assay,IC50 = 2.25 ± 0.22 mM,48-h,Liver,None
6909,36355026,2022,LWEHSH,LJP-2,6,Linear,L,None,Free,Free,Anticancer,Laminaria japonica,HepG-2,Liver Cancer,MTT assay,IC50 = 1.71 ± 0.13 mM,48-h,Liver,None
6910,36355026,2022,LWEHSH,LJP-2,6,Linear,L,None,Free,Free,Anticancer,Laminaria japonica,H-22,Liver Cancer,MTT assay,IC50 = 0.62 ± 0.05 mM,48-h,Liver,None
6911,36355026,2022,FSHRGH,LJP-3,6,Linear,L,None,Free,Free,Anticancer,Laminaria japonica,Huh-7,Liver Cancer,MTT assay,IC50 = 1.42 ± 0.12 mM,48-h,Liver,None
6912,36355026,2022,FSHRGH,LJP-3,6,Linear,L,None,Free,Free,Anticancer,Laminaria japonica,H-22,Liver Cancer,MTT assay,IC50 = 1.70 ± 0.15 mM,48-h,Liver,None
6913,36355026,2022,EGHGF,LJP-4,5,Linear,L,None,Free,Free,Anticancer,Laminaria japonica,Huh-7,Liver Cancer,MTT assay,IC50 = 0.62 ± 0.07 mM,48-h,Liver,None
6914,36355026,2022,EGHGF,LJP-4,5,Linear,L,None,Free,Free,Anticancer,Laminaria japonica,HepG-2,Liver Cancer,MTT assay,IC50 = 0.65 ± 0.07 mM,48-h,Liver,None
6915,36355026,2022,EGHGF,LJP-4,5,Linear,L,None,Free,Free,Anticancer,Laminaria japonica,H-22,Liver Cancer,MTT assay,IC50 = 0.68 ± 0.07 mM,48-h,Liver,None
6916,36355026,2022,FSTHGG,LJP-5,6,Linear,L,None,Free,Free,Anticancer,Laminaria japonica,Huh-7,Liver Cancer,MTT assay,IC50 = 2.44 ± 0.22 mM,48-h,Liver,None
6917,36355026,2022,FSTHGG,LJP-5,6,Linear,L,None,Free,Free,Anticancer,Laminaria japonica,HepG-2,Liver Cancer,MTT assay,IC50 = 2.78 ± 0.26 mM,48-h,Liver,None
6918,36355026,2022,FSTHGG,LJP-5,6,Linear,L,None,Free,Free,Anticancer,Laminaria japonica,H-22,Liver Cancer,MTT assay,IC50 = 1.49 ± 0.13 mM,48-h,Liver,None
6919,36355026,2022,FKEHGY,LJP-6,6,Linear,L,None,Free,Free,Anticancer,Laminaria japonica,HepG-2,Liver Cancer,MTT assay,IC50 = 3.06 ± 0.31 mM,48-h,Liver,None
6920,36355026,2022,HAGYSWA,LJP-7,7,Linear,L,None,Free,Free,Anticancer,Laminaria japonica,Huh-7,Liver Cancer,MTT assay,IC50 = 2.53 ± 0.24 mM,48-h,Liver,None
6921,36355026,2022,HAGYSWA,LJP-7,7,Linear,L,None,Free,Free,Anticancer,Laminaria japonica,HepG-2,Liver Cancer,MTT assay,IC50 = 1.66 ± 0.11 mM,48-h,Liver,None
6922,36355026,2022,HAGYSWA,LJP-7,7,Linear,L,None,Free,Free,Anticancer,Laminaria japonica,H-22,Liver Cancer,MTT assay,IC50 = 1.44 ± 0.12 mM,48-h,Liver,None
6923,36355026,2022,FSHTYV,LJP-8,6,Linear,L,None,Free,Free,Anticancer,Laminaria japonica,Huh-7,Liver Cancer,MTT assay,IC50 = 0.44 ± 0.04 mM,48-h,Liver,None
6924,36355026,2022,FSHTYV,LJP-8,6,Linear,L,None,Free,Free,Anticancer,Laminaria japonica,HepG-2,Liver Cancer,MTT assay,IC50 = 0.63 ± 0.05 mM,48-h,Liver,None
6925,36355026,2022,FSHTYV,LJP-8,6,Linear,L,None,Free,Free,Anticancer,Laminaria japonica,H-22,Liver Cancer,MTT assay,IC50 = 0.76 ± 0.08 mM,48-h,Liver,None
6926,36355026,2022,FEHSG,LJP-9,5,Linear,L,None,Free,Free,Anticancer,Laminaria japonica,Huh-7,Liver Cancer,MTT assay,IC50 = 0.53 ± 0.05 mM,48-h,Liver,None
6927,36355026,2022,FEHSG,LJP-9,5,Linear,L,None,Free,Free,Anticancer,Laminaria japonica,HepG-2,Liver Cancer,MTT assay,IC50 = 0.69 ± 0.08 mM,48-h,Liver,None
6928,36355026,2022,FEHSG,LJP-9,5,Linear,L,None,Free,Free,Anticancer,Laminaria japonica,H-22,Liver Cancer,MTT assay,IC50 = 0.51 ± 0.07 mM,48-h,Liver,None
6929,36355026,2022,HASWEH,LJP-10,6,Linear,L,None,Free,Free,Anticancer,Laminaria japonica,Huh-7,Liver Cancer,MTT assay,IC50 = 3.52 ± 0.35 mM,48-h,Liver,None
6930,36355026,2022,HASWEH,LJP-10,6,Linear,L,None,Free,Free,Anticancer,Laminaria japonica,HepG-2,Liver Cancer,MTT assay,IC50 = 2.69 ± 0.22 mM,48-h,Liver,None
6931,36355026,2022,HASWEH,LJP-10,6,Linear,L,None,Free,Free,Anticancer,Laminaria japonica,H-22,Liver Cancer,MTT assay,IC50 = 3.53 ± 0.34 mM,48-h,Liver,None
6932,36355026,2022,YEHSHG,LJP-11,6,Linear,L,None,Free,Free,Anticancer,Laminaria japonica,Huh-7,Liver Cancer,MTT assay,IC50 = 0.49 ± 0.05 mM,48-h,Liver,None
6933,36355026,2022,YEHSHG,LJP-11,6,Linear,L,None,Free,Free,Anticancer,Laminaria japonica,HepG-2,Liver Cancer,MTT assay,IC50 = 0.61 ± 0.07 mM,48-h,Liver,None
6934,36355026,2022,YEHSHG,LJP-11,6,Linear,L,None,Free,Free,Anticancer,Laminaria japonica,H-22,Liver Cancer,MTT assay,IC50 = 0.70 ± 0.07 mM,48-h,Liver,None
6935,36355026,2022,TFKHG,LJP-12,5,Linear,L,None,Free,Free,Anticancer,Laminaria japonica,Huh-7,Liver Cancer,MTT assay,IC50 = 0.41 ± 0.04 mM,48-h,Liver,None
6936,36355026,2022,TFKHG,LJP-12,5,Linear,L,None,Free,Free,Anticancer,Laminaria japonica,HepG-2,Liver Cancer,MTT assay,IC50 = 0.60 ± 0.08 mM,48-h,Liver,None
6937,36355026,2022,TFKHG,LJP-12,5,Linear,L,None,Free,Free,Anticancer,Laminaria japonica,H-22,Liver Cancer,MTT assay,IC50 = 0.72 ± 0.05 mM,48-h,Liver,None
7064,35740895,2022,FLSGIVGMLaKLF,[G10a]-SHa,13,Linear,Mix,None,Amidation,Free,Antimicrobial and Anticancer,Analog of temporin SHa,HepG-2,Liver Cancer,Resazurin dye assay,IC50 = 31.63 ± 1.56 µM,48-h,Liver,US_10550155_B2
7071,35740895,2022,FLSGIVGMLaKLFKFLKaLMFLSGIVG,[G10a]2-SHa,27,Linear,Mix,None,Amidation,Free,Antimicrobial and Anticancer,Analog of temporin SHa,HepG-2,Liver Cancer,Resazurin dye assay,IC50 = 14.31 ± 1.37 µM,48-h,Liver,US_10550155_B2
7078,35740895,2022,FLSGIVGMLaKLFFLSGIVGMLaKLFFLSGIVGMLaKLFKK,[G10a]3-SHa,41,Linear,Mix,None,Amidation,Free,Antimicrobial and Anticancer,Analog of temporin SHa,HepG-2,Liver Cancer,Resazurin dye assay,IC50 = 5.49 ± 0.37 µM,48-h,Liver,US_10550155_B2
7209,36005521,2022,GWGSFFKKAAHVGKHVGKAALTHYL,Ple,25,Linear,L,None,Free,Free,Antimicrobial,Pleuronectes americanus,J5,Liver Cancer,MTT assay,IC50 = 54.9 μM,24-h,Liver,None
7210,36005521,2022,GWGSFFKKAAHVGKHVGKAALTHYL,Ple,25,Linear,L,None,Free,Free,Antimicrobial,Pleuronectes americanus,Hep3B,Liver Cancer,MTT assay,IC50 = 340.9 μM,24-h,Liver,None
7213,36005521,2022,GWGSFFKKAAHVGKHVGKAALTHYL,Ple-a,25,Linear,L,None,Amidation,Free,Antimicrobial,C-terminal-amidated derivative of Pleurocidin,J5,Liver Cancer,MTT assay,IC50 = 11 μM,24-h,Liver,None
7214,36005521,2022,GWGSFFKKAAHVGKHVGKAALTHYL,Ple-a,25,Linear,L,None,Amidation,Free,Antimicrobial,C-terminal-amidated derivative of Pleurocidin,Huh-7,Liver Cancer,MTT assay,IC50 = 60 μM,24-h,Liver,None
7215,36005521,2022,GWGSFFKKAAHVGKHVGKAALTHYL,Ple-a,25,Linear,L,None,Amidation,Free,Antimicrobial,C-terminal-amidated derivative of Pleurocidin,Hep3B,Liver Cancer,MTT assay,IC50 = 77.5 μM,24-h,Liver,None
7225,36174494,2022,KLLPSVVGLFKKKKQ,"Ponericin-W1 (11-25), At1",15,Linear,L,None,Amidation,Acetylation,Antimicrobial,Synthetic,HepG-2,Liver Cancer,MTT assay,IC50 >100 µM,NA,Liver,None
7227,36174494,2022,KLLKKVVKLFKKKKK,"Ponericin-W1 (11-25) [P4K; S5K; G8K; Q15K], At2",15,Linear,L,None,Amidation,Acetylation,Antimicrobial,Synthetic,HepG-2,Liver Cancer,MTT assay,IC50 >100 µM,NA,Liver,None
7229,36174494,2022,KLLKKVVKLFKKLLK,"Ponericin-W1 (11-25) [P4K; S5K; G8K; K13L; Q15K], At3",15,Linear,L,None,Amidation,Acetylation,Antimicrobial,Synthetic,HepG-2,Liver Cancer,MTT assay,IC50 = 2.2 µM,NA,Liver,None
7231,36174494,2022,KLLKKLLKLLKKLLK,At4,15,Linear,L,None,Amidation,Acetylation,Antimicrobial,Synthetic,HepG-2,Liver Cancer,MTT assay,IC50 = 2.5 µM,NA,Liver,None
7233,36174494,2022,KIIKKIIKIIKKIIK,At5,15,Linear,L,None,Amidation,Acetylation,Antimicrobial,Synthetic,HepG-2,Liver Cancer,MTT assay,IC50 = 1.5 µM,NA,Liver,None
7235,36174494,2022,KVVKKVVKVVKKVVK,At6,15,Linear,L,None,Amidation,Acetylation,Antimicrobial,Synthetic,HepG-2,Liver Cancer,MTT assay,IC50 = 70.8 µM,NA,Liver,None
7237,36174494,2022,KIIKKIKKKIKKIIK,At7,15,Linear,L,None,Amidation,Acetylation,Antimicrobial,Synthetic,HepG-2,Liver Cancer,MTT assay,IC50 = 8.8 µM,NA,Liver,None
7239,36174494,2022,KLLKKLKKKLKKLLK,At8,15,Linear,L,None,Amidation,Acetylation,Antimicrobial,Synthetic,HepG-2,Liver Cancer,MTT assay,IC50 = 8.9 µM,NA,Liver,None
7241,36174494,2022,KVVKKVKKKVKKVVK,At9,15,Linear,L,None,Amidation,Acetylation,Antimicrobial,Synthetic,HepG-2,Liver Cancer,MTT assay,IC50 = 51.7 µM,NA,Liver,None
7243,36174494,2022,IKKIIKIIKKIIKKI,At10,15,Linear,L,None,Amidation,Acetylation,Antimicrobial,Synthetic,HepG-2,Liver Cancer,MTT assay,IC50 = 3.2 µM,NA,Liver,None
7245,36174494,2022,IIIKKIKKKIKKIII,At11,15,Linear,L,None,Amidation,Acetylation,Antimicrobial,Synthetic,HepG-2,Liver Cancer,MTT assay,IC50 = 7.6 µM,NA,Liver,None
7247,36174494,2022,KIIIKIKKKIKIIIK,At12,15,Linear,L,None,Amidation,Acetylation,Antimicrobial,Synthetic,HepG-2,Liver Cancer,MTT assay,IC50 = 13.4 µM,NA,Liver,None
7256,36360120,2022,GPLGAGP,HTDT-6-2-3-2,7,Linear,L,None,Free,Free,Anticancer,Enteromorpha prolifera,HepG-2,Liver Cancer,CCK-8 assay,IC50 = 1.2564 ± 0.0548 mg/mL,48-h,Liver,None
7272,36186562,2022,EEEEY,C16-E4Y,5,Linear,L,None,Free,Palmitoyl,Anticancer,Synthetic,HepG-2,Liver Cancer,WST-8 assay,50 % cell viability at 0.05 wt %,24-h,Liver,None
7293,36713538,2022,KKWWKKW-Dip-K,NTP-217,9,Linear,L,Dip = β-diphenylalanine,Amidation,rhodamine B - GABA,Anticancer,Synthetic,Hepa 1-6,Liver Cancer,MTT assay,IC50 = 21.6 ± 1.0 µM,4-h,Liver,None
7294,36713538,2022,KKWWKKW-Dip-K,NTP-217,9,Linear,L,Dip = β-diphenylalanine,Amidation,rhodamine B - GABA,Anticancer,Synthetic,PLC/PRF/5,Liver Cancer,MTT assay,IC50 = 14.6 ± 1.1 µM,4-h,Liver,None
7295,36713538,2022,KKWWKKW-Dip-K,NTP-217,9,Linear,L,Dip = β-diphenylalanine,Amidation,rhodamine B - GABA,Anticancer,Synthetic,HCCLM-3,Liver Cancer,MTT assay,IC50 = 22.4 ± 5.1 µM,4-h,Liver,None
7296,36713538,2022,KKWWKKW-Dip-K,NTP-217,9,Linear,L,Dip = β-diphenylalanine,Amidation,rhodamine B - GABA,Anticancer,Synthetic,Huh-7,Liver Cancer,MTT assay,IC50 = 40.1 ± 1.3 µM,4-h,Liver,None
7297,36713538,2022,KKWWKKW-Dip-K,NTP-217,9,Linear,L,Dip = β-diphenylalanine,Amidation,rhodamine B - GABA,Anticancer,Synthetic,HepG-2,Liver Cancer,MTT assay,IC50 = 48.8 ± 0.7 µM,4-h,Liver,None
7298,36713538,2022,KKWWKKW-Dip-K,NTP-217,9,Linear,L,Dip = β-diphenylalanine,Amidation,rhodamine B - GABA,Anticancer,Synthetic,Hep3B,Liver Cancer,MTT assay,IC50 = 45.7 ± 1.7 µM,4-h,Liver,None
7303,36287985,2022,IWSFLIKAATKLLPSLFGGGKKDS,SMP24,24,Linear,L,None,Free,Free,Antimicrobial,Egyptian scorpion Scorpio maurus palmatus,HepG-2,Liver Cancer,MTT assay,IC50 = 5.524 µM,24-h,Liver,None
7330,35628312,2022,MKEDSNILDKTAKMTKQNKALLFTAGGAAAFMAGYYYYHCNYRNPAPKKSGSTTSQDKTDAQAVQSIPSPSGNKGKESKDPKVKHHHHHH,rScyreprocin,90,Linear,L,None,His-Tag,Free,Antimicrobial,Recombinant product of Scyreprocin,HepG-2,Liver Cancer,MTS assay,IC50 = 441.01 µM,24-h,Liver,None
7364,33630204,2022,DVNFLLHKIYGNIRY,LvHemB1,15,Linear,L,None,Amidation,Acetylation,Antimicrobial,hemocyanin of Litopenaeus vannamei,HepG-2,Liver Cancer,MTS assay,44.2% apoptotic cells at 50 μg/mL,24-h,Liver,None
7406,36410436,2023,RRRRRRRRGGDRDYKKFWAGLQGLTIYFYN,#2(D33-N52),30,Linear,L,None,Free,Free,Anticancer,STAP-2 PH domain–derived peptide,DU-145,Liver Cancer,CellTiter-Glo assay,Graph figure 1-B,48-h,Liver,None
7408,36410436,2023,RRRRRRRRGGDQEIKFKVETLECREMWKGF,#5(D93-F112),30,Linear,L,None,Free,Free,Anticancer,STAP-2 PH domain–derived peptide,DU-145,Liver Cancer,CellTiter-Glo assay,Graph figure 1-B,48-h,Liver,None
7409,36410436,2023,RRRRRRRRGGMWKGFILTVVELRVPTDLTL,#6(M108-L127),30,Linear,L,None,Free,Free,Anticancer,STAP-2 PH domain–derived peptide,DU-145,Liver Cancer,CellTiter-Glo assay,Graph figure 1-B,48-h,Liver,None
7411,36410436,2023,RRRRRRRRGGFWAGLQGLTIYFYNSNRDFQ,2A(F39-Q58),30,Linear,L,None,Free,Free,Anticancer,STAP-2 PH domain–derived peptide,DU-145,Liver Cancer,CellTiter-Glo assay,Graph figure 1-C,48-h,Liver,None
7412,36410436,2023,RRRRRRRRGGQGLTIYFYNSNRDFQ,2C(Q44-Q58),25,Linear,L,None,Free,Free,Anticancer,STAP-2 PH domain–derived peptide,DU-145,Liver Cancer,CellTiter-Glo assay,Graph figure 1-C,48-h,Liver,None
7413,36410436,2023,RRRRRRRRGGQGLTIYFYNSNR,2D(Q44-R55),22,Linear,L,None,Free,Free,Anticancer,STAP-2 PH domain–derived peptide,DU-145,Liver Cancer,CellTiter-Glo assay,Graph figure 1-C,48-h,Liver,None
7414,36410436,2023,RRRRRRRRGGQGLTIYFY,2D2(Q44-Y51),18,Linear,L,None,Free,Free,Anticancer,STAP-2 PH domain–derived peptide,DU-145,Liver Cancer,CellTiter-Glo assay,Graph figure 1-C,48-h,Liver,None
7415,36410436,2023,RRRRRRRRGGGLTIYFYN,2D3(G45-N52),18,Linear,L,None,Free,Free,Anticancer,STAP-2 PH domain–derived peptide,DU-145,Liver Cancer,CellTiter-Glo assay,Graph figure 1-C,48-h,Liver,None
7416,36410436,2023,RRRRRRRRGGGLTIYFY,2D5(G45-Y51),17,Linear,L,None,Free,Free,Anticancer,STAP-2 PH domain–derived peptide,DU-145,Liver Cancer,CellTiter-Glo assay,IC50 = 19.4 μM,48-h,Liver,None
7417,36410436,2023,RRRRRRRRGGVVELRVPTDLTLLPGHLYMM,6E(V116-M135),30,Linear,L,None,Free,Free,Anticancer,STAP-2 PH domain–derived peptide,DU-145,Liver Cancer,CellTiter-Glo assay,Graph figure 1-D,48-h,Liver,None
7418,36410436,2023,RRRRRRRRGGILTVVELRVP,6F (I113-P122),20,Linear,L,None,Free,Free,Anticancer,STAP-2 PH domain–derived peptide,DU-145,Liver Cancer,CellTiter-Glo assay,Graph figure 1-D,48-h,Liver,None
7419,36410436,2023,GRKKRRQRRRPPQGGLTIYFY,TAT-2D5,21,Linear,L,None,Free,Free,Anticancer,STAP-2 PH domain–derived peptide,DU-145,Liver Cancer,CellTiter-Glo assay,Graph figure 1-G,48-h,Liver,None
7420,36410436,2023,TRRQRTRRARRNRGGLTIYFY,HTLV-II-Rex-2D5,21,Linear,L,None,Free,Free,Anticancer,STAP-2 PH domain–derived peptide,DU-145,Liver Cancer,CellTiter-Glo assay,Graph figure 1-G,48-h,Liver,None
7421,36410436,2023,RRRRNRTRRNRRRVRGGLTIYFY,FHV-2D5,23,Linear,L,None,Free,Free,Anticancer,STAP-2 PH domain–derived peptide,DU-145,Liver Cancer,CellTiter-Glo assay,Graph figure 1-G,48-h,Liver,None
7441,37495988,2023,TKEQKEQIAKATGLTTKQVRNWYVQLNASIKVCMCSC,37-mer peptide,37,Linear,L,None,Free,Free,Antimicrobial,Synthetic,SNU-449,Liver Cancer,MTT assay,IC50 = 76.4 ± 0.6015 μM,24-h,Liver,None
7442,37495988,2023,TKEQKEQIAKATGLTTKQVRNWYVQLNASIKVCMCSC,37-mer peptide,37,Linear,L,None,Free,Free,Antimicrobial,Synthetic,HepG-2,Liver Cancer,MTT assay,IC50 = 33.65 ± 1.09 μM,24-h,Liver,None
7570,36730301,2023,VNWKKILGKIIKVVK,Lasioglossin - III,15,Linear,L,None,Amidation,Free,Antimicrobial,Lasioglossum laticeps,HepG-2,Liver Cancer,Not Available,IC50 = 7.75 μM,Not Available,Liver,None
7576,36168817,2023,NDGNQPL,Rapeseed peptide,7,Linear,L,None,Free,Free,Anticancer,extracted from rapeseed protein,HepG-2,Liver Cancer,MTT assay,IC50 = 1.56 mmol/L,24-h,Liver,None
7577,36168817,2023,NDGNQPL,Rapeseed peptide,7,Linear,L,None,Free,Free,Anticancer,extracted from rapeseed protein,HepG-2,Liver Cancer,Apoptosis assay,28.39 ± 0.80% apoptosis rate at 0.5 mmol/L,NA,Liver,None
7578,36830725,2023,CGEMGWVRCKFAKFAKKFAKFAKKFAKFAK,Pep-1-Phor21,30,Linear,L,None,Free,Free,Anticancer,Hybrid peptide PEP1 and Phor 21,LNCaP,Liver Cancer,AlamarBlue assay,IC50 = 55.13 ± 13.56 µM,24-h,Liver,None
7594,36626098,2023,FKCRRWQWRMKKLGAPSITCVRRAF,bLF,25,Linear,L,None,Free,Free,Antimicrobial,Bos Taurus,HepG-2,Liver Cancer,MTT assay,cell viability ~ 21% at 10 µM,24-h,Liver,None
7596,36626098,2023,FKCRRWQWRMKKLG,LFcin17–30,14,Linear,L,None,Amidation,Free,Antimicrobial,Lectoferrin Peptide,HepG-2,Liver Cancer,MTT assay,cell viability ~ 50% at 1 µM,12-h,Liver,None
7598,36626098,2023,DLIWKLLSKAQEKFGKNKSR,LFampin265–284,20,Linear,L,None,Amidation,Free,Antimicrobial,Lectoferrin Peptide,HepG-2,Liver Cancer,MTT assay,cell viability ~ 50% at 1 µM,12-h,Liver,None
7600,36626098,2023,FKCRRWQWRMKKLG-K-RSKNKGFKEQAKSLLKWILD,LFchimera,35,Linear,L,None,Amidation,Free,Antimicrobial,Synthetic - Lectoferrin chimera,HepG-2,Liver Cancer,MTT assay,cell viability ~ 44% at 10 µM,12-h,Liver,None
7617,36934526,2023,RLLRLLRLRRLLRL,WP2,14,Linear,L,None,Hydroxamic acid,Acetylation,Anticancer,Derived from RLL peptide,Huh-7,Liver Cancer,Cell Viability assay,IC50 = 28.12 ± 1.5 μM,48-h,Liver,None
7618,36934526,2023,RLLRLLRLRRLLRL,WP2,14,Linear,L,None,Hydroxamic acid,Acetylation,Anticancer,Derived from RLL peptide,HepG-2,Liver Cancer,Cell Viability assay,IC50 = 34.05 ± 0.53 μM,48-h,Liver,None
7666,38464729,2024,NGSIPATWASL,U3,11,Linear,L,None,Free,Free,Anticancer,Phoenix dactylifera,HepG-2,Liver Cancer,MTT assay,IC50 = 561 µM,48-h,Liver,None
7675,38464729,2024,NCSIHGDIPAY,U7,11,Linear,L,None,Free,Free,Anticancer,Phoenix dactylifera,HepG-2,Liver Cancer,MTT assay,IC50 = 523 µM,48-h,Liver,None
7713,38319435,2024,FFFLSRIF,Temporin-SHf,8,Linear,L,None,Amidation,Free,Antimicrobial,Pelophylax saharica,HepG-2,Liver Cancer,MTT assay,IC50 = 32.64 ± 1.350 µM,24-h,Liver,None
7794,None,2016,NYPQRPCRGDKGPDC,5-2C,15,Linear,L,None,Amidation,Acetylation,Antimicrobial,Synthetic,HepG-2,Liver Cancer,MTT assay,IC50 = 3.064 μM,48-h,Liver,EP3279210 B1
7795,None,2016,NYPQRPCRGDKGPDC,5-2C,15,Linear,L,None,Amidation,Acetylation,Antimicrobial,Synthetic,Hep3B,Liver Cancer,MTT assay,IC50 = 0.7847 μM,48-h,Liver,EP3279210 B1
