id,sequence,length,molecular_weight,net_charge_pH7.4,instability_index,boman_index,hydrophobic_ratio,GRAVY,amphipathicity_muH_helix,pass_molecular_weight,pass_instability_index,pass_net_charge_pH7.4,pass_hydrophobic_ratio,pass_GRAVY,pass_amphipathicity_muH_helix,pass_boman_index,n_pass,candidate,Predicted_Probability,ToxinPred3.0,HemoPI2.0,PepSySco
gen_02,IFFMITKKHFKK,12,1567.99904,4.030229724,-12,0.003209317,0.5,-0.016666667,0.279769337,TRUE,TRUE,TRUE,TRUE,TRUE,FALSE,TRUE,6,TRUE,0.9961,Non-Toxin,Non-Hemolytic,0.98382
gen_03,LLSYIGPIIRGIT,13,1415.73894,0.992764546,-3.830769231,0.001405205,0.538461538,1.223076923,0.371132814,TRUE,TRUE,FALSE,TRUE,FALSE,TRUE,TRUE,5,FALSE,0.8326,Non-Toxin,Non-Hemolytic,0.77632
gen_04,FFAKIAGALAKFA,13,1354.65794,1.993424742,-3.830769231,0.002208088,0.769230769,1.346153846,0.349222136,TRUE,TRUE,FALSE,FALSE,FALSE,TRUE,TRUE,4,FALSE,1,Non-Toxin,Hemolytic,0.85798
gen_06,PKLFKKIAKLWRML,14,1772.31464,4.991934902,-2.728571429,0.003379965,0.571428571,-0.014285714,0.502327309,TRUE,TRUE,TRUE,TRUE,TRUE,TRUE,TRUE,7,TRUE,1,Toxin,Non-Hemolytic,0.96492
gen_08,LMVYRYAGHFI,11,1369.64714,1.028917649,-7.890909091,0.001481021,0.727272727,0.754545455,0.304987575,TRUE,TRUE,FALSE,FALSE,TRUE,FALSE,TRUE,4,FALSE,0.9798,Non-Toxin,Non-Hemolytic,0.98969
gen_09,RRGRRYWWYWM,11,1716.00134,3.990606192,101.3363636,0.002907289,0.545454545,-1.981818182,0.409822006,TRUE,FALSE,TRUE,TRUE,FALSE,TRUE,TRUE,5,FALSE,1,Non-Toxin,Non-Hemolytic,0.99914
gen_10,VFWKKFLGWFIK,12,1598.99704,2.992683981,12.375,0.002495635,0.666666667,0.583333333,0.34399838,TRUE,TRUE,TRUE,FALSE,TRUE,TRUE,TRUE,6,TRUE,1,Non-Toxin,Hemolytic,0.94853
gen_12,VKLFKYLKKLLK,12,1521.00854,4.989069058,-34.05833333,0.003937474,0.583333333,0.116666667,0.481806485,TRUE,TRUE,TRUE,TRUE,TRUE,TRUE,TRUE,7,TRUE,1,Toxin,Non-Hemolytic,0.9933
gen_13,GLFDVVKKVGGLL,13,1344.66034,0.993602538,12.93846154,0.001480274,0.538461538,1.1,0.317779313,TRUE,TRUE,FALSE,TRUE,TRUE,FALSE,TRUE,5,FALSE,0.9992,Non-Toxin,Non-Hemolytic,0.88208
gen_16,IRRWFWRLNKHLKK,14,1981.42614,6.030945532,101.9642857,0.003549752,0.428571429,-1.342857143,0.539993857,TRUE,FALSE,FALSE,FALSE,FALSE,TRUE,TRUE,3,FALSE,1,Non-Toxin,Non-Hemolytic,0.96363
gen_17,LCYRRWYRRRR,11,1684.00364,5.848252875,238.7090909,0.004059418,0.363636364,-2.2,0.255846972,TRUE,FALSE,FALSE,FALSE,FALSE,FALSE,TRUE,2,FALSE,0.9985,Toxin,Non-Hemolytic,0.99945
gen_19,FLPLLGKIASGIL,13,1341.69984,0.994165503,19.26923077,0.001483542,0.615384615,1.669230769,0.311951678,TRUE,TRUE,FALSE,TRUE,FALSE,FALSE,TRUE,4,FALSE,0.8342,Non-Toxin,Hemolytic,0.78216
gen_20,IRGWEWCLRRHWGK,14,1883.20944,2.890797818,67.95714286,0.002059813,0.357142857,-1.2,0.310754073,TRUE,FALSE,TRUE,FALSE,FALSE,FALSE,TRUE,3,FALSE,0.9761,Toxin,Non-Hemolytic,0.85395
gen_22,VILWKYLWKKIR,12,1646.09764,3.990542262,57.60833333,0.003030819,0.666666667,0.125,0.308336998,TRUE,FALSE,TRUE,FALSE,TRUE,FALSE,TRUE,4,FALSE,1,Non-Toxin,Hemolytic,0.98246
gen_23,FLPVIAGMLGSFF,13,1398.72594,-0.005093736,38.86153846,0.000708291,0.692307692,1.938461538,0.24931347,TRUE,TRUE,FALSE,FALSE,FALSE,FALSE,TRUE,3,FALSE,0.9361,Non-Toxin,Hemolytic,0.64181
gen_24,GMFVIVKTHFI,11,1291.61724,1.032452007,-10.67272727,0.00157365,0.636363636,1.518181818,0.089536036,TRUE,TRUE,FALSE,TRUE,FALSE,FALSE,TRUE,4,FALSE,0.9127,Non-Toxin,Non-Hemolytic,0.98319
gen_25,KWKRKWRWWRVRR,13,2027.46044,7.992642393,122.4307692,0.004435343,0.384615385,-2.584615385,0.071529274,TRUE,FALSE,FALSE,FALSE,FALSE,FALSE,TRUE,2,FALSE,1,Toxin,Non-Hemolytic,0.99662
gen_26,GLFDIILKVVGTG,13,1331.61814,-0.005656701,0.884615385,0.000743263,0.538461538,1.423076923,0.294735113,TRUE,TRUE,FALSE,TRUE,FALSE,FALSE,TRUE,4,FALSE,0.9141,Non-Toxin,Non-Hemolytic,0.78216
gen_28,RKRRFFIWRYLIR,13,1910.34744,5.991990514,72.56923077,0.00365938,0.538461538,-0.784615385,0.15598697,TRUE,FALSE,FALSE,TRUE,FALSE,FALSE,TRUE,3,FALSE,1,Toxin,Hemolytic,0.97715
gen_30,CFTLAYILKLMW,12,1501.90804,0.849695421,11.06666667,0.001221251,0.75,1.508333333,0.108022866,TRUE,TRUE,FALSE,FALSE,FALSE,FALSE,TRUE,3,FALSE,0.9951,Non-Toxin,Hemolytic,0.91875
gen_32,IRRFFRWWRRMIR,13,1979.43124,5.994856359,141.4153846,0.003533122,0.538461538,-0.946153846,0.811138835,TRUE,FALSE,FALSE,TRUE,FALSE,TRUE,TRUE,4,FALSE,1,Non-Toxin,Hemolytic,0.96646
gen_33,GIPDLIKCYWKR,12,1491.81434,1.849124138,4.858333333,0.001900296,0.416666667,-0.391666667,0.345917976,TRUE,TRUE,FALSE,FALSE,TRUE,TRUE,TRUE,5,FALSE,0.937,Non-Toxin,Non-Hemolytic,0.9768
gen_34,GLPICGGLVAKVL,13,1239.58214,0.851828822,27.00769231,0.001481523,0.538461538,1.684615385,0.162151841,TRUE,TRUE,FALSE,TRUE,FALSE,FALSE,TRUE,4,FALSE,0.8533,Non-Toxin,Hemolytic,0.73281
gen_36,KLFKILKKIGKTL,13,1530.01634,4.991202459,-20.16923077,0.00391558,0.461538462,0.2,0.506784536,TRUE,TRUE,TRUE,FALSE,TRUE,TRUE,TRUE,6,TRUE,1,Toxin,Non-Hemolytic,0.98692
gen_37,LKLLAVLKKLLT,12,1352.81044,2.992683981,-19.13333333,0.002950097,0.666666667,1.366666667,0.290420675,TRUE,TRUE,TRUE,FALSE,FALSE,FALSE,TRUE,4,FALSE,0.997,Non-Toxin,Non-Hemolytic,0.9768
gen_38,GFGAIIKGVGSVILL,15,1443.79274,0.994165503,-0.466666667,0.001378569,0.6,1.853333333,0.236111781,TRUE,TRUE,FALSE,TRUE,FALSE,FALSE,TRUE,4,FALSE,0.9666,Non-Toxin,Hemolytic,0.45575
gen_40,PRLWKIWRKLIR,12,1665.10664,4.993399789,8.466666667,0.003598942,0.5,-0.675,0.601508407,TRUE,TRUE,TRUE,TRUE,FALSE,TRUE,TRUE,6,TRUE,1,Non-Toxin,Non-Hemolytic,0.99057
gen_42,VNWRKILGHIIRVL,14,1717.13654,3.032435372,40.95714286,0.002348876,0.571428571,0.614285714,0.380898975,TRUE,TRUE,TRUE,TRUE,TRUE,TRUE,TRUE,7,TRUE,0.9971,Non-Toxin,Hemolytic,0.8265
gen_43,FMSLLYIAKLL,11,1311.68854,0.992032102,41.31818182,0.001515984,0.818181818,1.836363636,0.214002275,TRUE,TRUE,FALSE,FALSE,FALSE,FALSE,TRUE,3,FALSE,0.9985,Non-Toxin,Hemolytic,0.98569
gen_46,FLPLITKLISSVI,13,1443.83314,0.994165503,32.33076923,0.001378531,0.615384615,1.853846154,0.352911586,TRUE,TRUE,FALSE,TRUE,FALSE,TRUE,TRUE,5,FALSE,0.9977,Non-Toxin,Hemolytic,0.81518
gen_47,FLSLIVPIGRRIL,13,1496.90264,1.994889629,76.39230769,0.001998797,0.615384615,1.546153846,0.413857083,TRUE,FALSE,FALSE,TRUE,FALSE,TRUE,TRUE,4,FALSE,0.9977,Non-Toxin,Hemolytic,0.82539
gen_48,GFSYIVAGILS,11,1126.31764,-0.007227137,11.16363636,0.000877965,0.636363636,1.627272727,0.234249622,TRUE,TRUE,FALSE,TRUE,FALSE,FALSE,TRUE,4,FALSE,0.986,Non-Toxin,Non-Hemolytic,0.96514
gen_49,FLPLILGLLKKIL,13,1480.98384,1.993424742,40.61538462,0.002019608,0.692307692,1.907692308,0.333556406,TRUE,TRUE,FALSE,FALSE,FALSE,TRUE,TRUE,4,FALSE,0.9283,Non-Toxin,Hemolytic,0.84917
gen_50,FAKLLALALKKL,12,1328.74754,2.992683981,-12.05833333,0.003003577,0.75,1.291666667,0.36466764,TRUE,TRUE,TRUE,FALSE,FALSE,TRUE,TRUE,5,FALSE,1,Non-Toxin,Non-Hemolytic,0.98098
gen_53,KLLLIVKKLGRLVA,14,1564.07734,3.992675663,-10.96428571,0.003191135,0.642857143,1.221428571,0.372299138,TRUE,TRUE,TRUE,FALSE,FALSE,TRUE,TRUE,5,FALSE,1,Non-Toxin,Hemolytic,0.88168
gen_54,RRRWEYWLRKMRK,13,1964.37084,5.991957198,177.0230769,0.003558677,0.384615385,-2.4,0.452560017,TRUE,FALSE,FALSE,FALSE,FALSE,TRUE,TRUE,3,FALSE,1,Non-Toxin,Non-Hemolytic,0.99521
gen_55,GAKKKASLAAKLL,13,1298.63514,3.99194322,-3.830769231,0.003843131,0.538461538,0.138461538,0.234036672,TRUE,TRUE,TRUE,TRUE,TRUE,FALSE,TRUE,6,TRUE,0.6578,Non-Toxin,Non-Hemolytic,0.97887
gen_56,FAPALASALAKAL,13,1243.51184,0.994165503,38.86153846,0.001600779,0.769230769,1.438461538,0.242118629,TRUE,TRUE,FALSE,FALSE,FALSE,FALSE,TRUE,3,FALSE,0.9963,Non-Toxin,Hemolytic,0.8352
gen_59,GIFVGLRTYFKK,12,1428.74044,2.991283023,-1.458333333,0.002792525,0.5,0.25,0.300576207,TRUE,TRUE,TRUE,TRUE,TRUE,FALSE,TRUE,6,TRUE,0.9972,Non-Toxin,Non-Hemolytic,0.96448
gen_61,KAKKLALKKKKLAK,14,1596.12264,7.988980175,-8.907142857,0.00563277,0.428571429,-1.028571429,0.221735895,TRUE,TRUE,FALSE,FALSE,FALSE,FALSE,TRUE,3,FALSE,1,Non-Toxin,Non-Hemolytic,0.99385
gen_62,GFVKKLRGYFKK,12,1470.82414,4.989801501,-10.93333333,0.004071899,0.416666667,-0.716666667,0.417991512,TRUE,TRUE,TRUE,FALSE,FALSE,TRUE,TRUE,5,FALSE,1,Toxin,Non-Hemolytic,0.9933
gen_63,GNWGSILKHIIKVV,14,1563.90634,2.031711246,15.35714286,0.001938691,0.5,0.621428571,0.349386943,TRUE,TRUE,TRUE,TRUE,TRUE,TRUE,TRUE,7,TRUE,0.9955,Non-Toxin,Non-Hemolytic,0.79557
gen_64,IKIFAKILGILKKWH,15,1808.32964,4.030229724,22.5,0.002782558,0.6,0.673333333,0.349155601,TRUE,TRUE,TRUE,TRUE,TRUE,TRUE,TRUE,7,TRUE,1,Non-Toxin,Hemolytic,0.83478
gen_65,GAWDAILKKLL,11,1227.51234,0.993602538,3.445454545,0.001621661,0.636363636,0.627272727,0.263960508,TRUE,TRUE,FALSE,TRUE,TRUE,FALSE,TRUE,5,FALSE,0.9959,Non-Toxin,Non-Hemolytic,0.99479
gen_68,FFGAACKGVLAAKIF,15,1542.90244,1.851088061,21.64666667,0.001838629,0.666666667,1.466666667,0.150904297,TRUE,TRUE,FALSE,FALSE,FALSE,FALSE,TRUE,3,FALSE,0.9641,Non-Toxin,Hemolytic,0.60012
gen_69,FLFLIIKKVSGLIAL,15,1675.17394,1.993424742,-1.986666667,0.001785362,0.733333333,2.086666667,0.181138471,TRUE,TRUE,FALSE,FALSE,FALSE,FALSE,TRUE,3,FALSE,1,Non-Toxin,Hemolytic,0.58575
gen_70,ALPKLLGSLFKKFL,14,1575.01334,2.992683981,6.242857143,0.00253364,0.571428571,0.85,0.382662732,TRUE,TRUE,TRUE,TRUE,TRUE,TRUE,TRUE,7,TRUE,0.9977,Toxin,Non-Hemolytic,0.88528
gen_71,VAKLKKWAKKWR,12,1541.94924,5.991194141,-17.50833333,0.004534216,0.5,-1.183333333,0.323742624,TRUE,TRUE,FALSE,TRUE,FALSE,FALSE,TRUE,4,FALSE,1,Toxin,Non-Hemolytic,0.99748
gen_73,GLIKSLKKVILK,12,1339.77134,3.99194322,-3.083333333,0.003725033,0.5,0.65,0.37526795,TRUE,TRUE,TRUE,TRUE,TRUE,TRUE,TRUE,7,TRUE,0.9963,Toxin,Non-Hemolytic,0.97856
gen_75,FLFGIIKKLISGLG,14,1505.90694,1.993424742,-8.907142857,0.001986165,0.571428571,1.478571429,0.267936653,TRUE,TRUE,FALSE,TRUE,FALSE,FALSE,TRUE,4,FALSE,0.9573,Non-Toxin,Hemolytic,0.69017
gen_76,FSGAISHVARHVG,13,1337.50394,1.071470954,10.98461538,0.001551055,0.461538462,0.461538462,0.364103065,TRUE,TRUE,FALSE,FALSE,TRUE,TRUE,TRUE,5,FALSE,0.5196,Non-Toxin,Non-Hemolytic,0.81518
gen_77,FLPGIVSILSSLF,13,1392.70124,-0.005093736,40.61538462,0.000711355,0.615384615,1.984615385,0.293223218,TRUE,TRUE,FALSE,TRUE,FALSE,FALSE,TRUE,4,FALSE,0.9985,Non-Toxin,Hemolytic,0.67813
gen_78,FLPAIAGVLAKLL,13,1325.70054,0.994165503,32.33076923,0.001501472,0.769230769,2.015384615,0.260455407,TRUE,TRUE,FALSE,FALSE,FALSE,FALSE,TRUE,3,FALSE,0.9674,Non-Toxin,Hemolytic,0.76434
gen_79,FLLKILLKIGSK,12,1372.80064,2.992683981,-3.083333333,0.002907108,0.583333333,1.175,0.295903404,TRUE,TRUE,TRUE,TRUE,FALSE,FALSE,TRUE,5,FALSE,0.9963,Non-Toxin,Hemolytic,0.95037
gen_80,KWKLFLRLGKRILKH,15,1936.46644,6.030213089,39.76666667,0.003631695,0.466666667,-0.44,0.478078566,TRUE,TRUE,FALSE,FALSE,FALSE,TRUE,TRUE,4,FALSE,1,Non-Toxin,Non-Hemolytic,0.95434
gen_81,FLPVLGSILST,11,1146.39214,-0.005093736,61.61818182,0.000864327,0.545454545,1.690909091,0.265480561,TRUE,FALSE,FALSE,TRUE,FALSE,FALSE,TRUE,3,FALSE,0.9244,Non-Toxin,Hemolytic,0.96881
gen_83,GFWDAIKGVLAV,12,1275.51314,-0.005656701,-4.983333333,0.000775978,0.666666667,1.166666667,0.290891339,TRUE,TRUE,FALSE,FALSE,FALSE,FALSE,TRUE,3,FALSE,0.8853,Non-Toxin,Hemolytic,0.93159
gen_84,EILPRFFRGILKPL,14,1699.11534,1.994856313,35.35,0.001760781,0.5,0.428571429,0.548076421,TRUE,TRUE,FALSE,TRUE,TRUE,TRUE,TRUE,6,TRUE,0.9983,Non-Toxin,Non-Hemolytic,0.88528
gen_86,FLKLLGKILSTIL,13,1458.89104,1.993424742,12.73846154,0.002050209,0.615384615,1.623076923,0.413689032,TRUE,TRUE,FALSE,TRUE,FALSE,TRUE,TRUE,5,FALSE,0.997,Toxin,Hemolytic,0.87046
gen_87,FRGHIARLAKKLG,13,1466.79574,4.031694611,29.96923077,0.003431573,0.461538462,-0.176923077,0.355279275,TRUE,TRUE,TRUE,FALSE,TRUE,TRUE,TRUE,6,TRUE,0.9967,Toxin,Non-Hemolytic,0.96384
gen_88,AKLKILLKLPRKAK,14,1620.14454,5.991194141,1.092857143,0.004315227,0.5,-0.164285714,0.278913077,TRUE,TRUE,FALSE,TRUE,TRUE,FALSE,TRUE,5,FALSE,1,Non-Toxin,Non-Hemolytic,0.96363
gen_91,FAGALAAAKKHVI,13,1296.57844,2.031711246,2.7,0.002338721,0.692307692,0.992307692,0.173683341,TRUE,TRUE,TRUE,FALSE,TRUE,FALSE,TRUE,5,FALSE,0.5417,Toxin,Hemolytic,0.89286
gen_93,IFIVRLRTIFK,11,1405.79284,2.994148868,5.218181818,0.00283957,0.636363636,1.227272727,0.315930858,TRUE,TRUE,TRUE,TRUE,FALSE,FALSE,TRUE,5,FALSE,0.9963,Non-Toxin,Non-Hemolytic,0.9851
gen_94,MWKAWWYVLSVLF,13,1729.11514,0.992032102,9.230769231,0.001149804,0.846153846,1.061538462,0.226082078,TRUE,TRUE,FALSE,FALSE,TRUE,FALSE,TRUE,4,FALSE,0.512,Non-Toxin,Hemolytic,0.81518
gen_95,FAWAVAAGLASVF,13,1309.53034,-0.005093736,-2.330769231,0.000756574,0.846153846,1.9,0.163035189,TRUE,TRUE,FALSE,FALSE,FALSE,FALSE,TRUE,3,FALSE,0.9867,Non-Toxin,Hemolytic,0.64181
gen_97,KWKLFWKVLRRLL,13,1786.28574,4.992667346,55.04615385,0.003354096,0.615384615,-0.023076923,0.456486647,TRUE,FALSE,TRUE,TRUE,TRUE,TRUE,TRUE,6,TRUE,0.9992,Non-Toxin,Hemolytic,0.98047
gen_98,FAKALAKVASKAL,13,1317.63774,2.992683981,2.7,0.003028922,0.692307692,0.853846154,0.38179248,TRUE,TRUE,TRUE,FALSE,TRUE,TRUE,TRUE,6,TRUE,1,Toxin,Non-Hemolytic,0.94778
gen_99,ALLGRLPTCTRKPW,14,1611.96884,2.851812187,38.88571429,0.002380553,0.357142857,-0.221428571,0.257499905,TRUE,TRUE,TRUE,FALSE,TRUE,FALSE,TRUE,5,FALSE,0.6009,Toxin,Hemolytic,0.8988
gen_100,GMIRKIKTYIIR,12,1491.90164,3.991274706,-4.983333333,0.003344937,0.5,0.058333333,0.402632978,TRUE,TRUE,TRUE,TRUE,TRUE,TRUE,TRUE,7,TRUE,1,Non-Toxin,Non-Hemolytic,0.98173
